<?xml version="1.0" encoding="UTF-8" standalone="yes"?>
<addon id="repository.installall"
		name="[COLOR limegreen][B]InstallAll[/B][/COLOR]Repositorys"
		version="0.0.1"
		provider-name="[COLOR limegreen][B]Insta: mxrc_xx_[/B][/COLOR]">
  <requires>
    <import addon="xbmc.addon" version="12.0.0"/>
    <import addon="repository.guilouz"/>
    <import addon="repository.kodi.yatse.tv"/>
    <import addon="repository.kodinerds"/>
    <import addon="repository.lastship"/>
    <import addon="repository.marcelveldt"/>
    <import addon="repository.mxrc"/>
    <import addon="repository.openwizard"/>
    <import addon="repository.quantumrepo"/>
    <import addon="repository.quantumrepo.android"/>
    <import addon="repository.rector.stuff"/>
    <import addon="repository.tva.common"/>
    <import addon="repository.xbmchub"/>
    <import addon="repository.xstream"/>
    <import addon="repository.zachmorris"/>
  </requires>
	<extension point="xbmc.addon.repository" name="MXRC">
		<info>https://raw.githubusercontent.com/M4RC-XX/repository.mxrc-repo/master/addons.xml</info>
		<checksum>https://raw.githubusercontent.com/M4RC-XX/repository.mxrc-repo/master/addons.xml.md5</checksum>
		<datadir>https://raw.githubusercontent.com/M4RC-XX/repository.mxrc-repo/master/</datadir>
		<artdir>https://raw.githubusercontent.com/M4RC-XX/repository.mxrc-repo/master/</artdir>
		<hashes>false</hashes>
	</extension>
	<extension point="xbmc.addon.metadata">
		<summary>[COLOR limegreen][B]Insta: mxrc_xx_[/B][/COLOR]</summary>
		<description>[COLOR limegreen][B]Insta: mxrc_xx_[/B][/COLOR]</description>
		<disclaimer>[COLOR limegreen][B]Insta: mxrc_xx_[/B][/COLOR]</disclaimer>
		<assets>
			<icon>resources/icon.png</icon>
			<fanart>resources/fanart.png</fanart>
			<screenshot>resources/fanart.png</screenshot>
			<screenshot>resources/fanart.png</screenshot>
			<screenshot>resources/fanart.png</screenshot>
		</assets>
	</extension>
</addon>
