<?xml version="1.0" encoding="UTF-8" standalone="yes"?>
<addon id="repository.mxrc" name="MXRC Repository" version="0.0.5" provider-name="Insta: mxrc_xx_">
  <extension point="xbmc.addon.repository" name="MXRC Repository">
    <dir minversion="18.0.0" maxversion="22.0.0">
      <info compressed="false">https://raw.githubusercontent.com/M4RC-XX/repository.mxrc-repo/master/addons.xml</info>
      <checksum verify="sha256">https://raw.githubusercontent.com/M4RC-XX/repository.mxrc-repo/master/addons.xml.sha256</checksum>
      <datadir zip="true">https://raw.githubusercontent.com/M4RC-XX/repository.mxrc-repo/master/</datadir>
      <hashes>sha256</hashes>
    </dir>
  </extension>
  <extension point="xbmc.addon.metadata">
    <summary>MXRC Repository</summary>
    <description>MXRC Repository</description>
    <disclaimer>Instagram: mxrc_xx_</disclaimer>
    <platform>all</platform>
    <assets>
      <icon>resources/icon.jpg</icon>
      <fanart>resources/fanart.png</fanart>
      <screenshot>resources/fanart.png</screenshot>
      <screenshot>resources/fanart.png</screenshot>
      <screenshot>resources/fanart.png</screenshot>
    </assets>
  </extension>
</addon>